{"cities": [[37.454011884736246, 95.07143064099162], [73.1993941811405, 59.86584841970366], [15.601864044243651, 15.599452033620265], [5.8083612168199465, 86.61761457749351], [60.11150117432088, 70.80725777960456]], "distances": [[0.0, 50.2, 82.4, 32.8, 33.2], [50.2, 0.0, 72.6, 72.5, 17.1], [82.4, 72.6, 0.0, 71.7, 70.9], [32.8, 72.5, 71.7, 0.0, 56.6], [33.2, 17.1, 70.9, 56.6, 0.0]], "capacities": [0, 15, 5, 4, 19]}