{"cities": [[37.454011884736246, 95.07143064099162], [73.1993941811405, 59.86584841970366], [15.601864044243651, 15.599452033620265], [5.8083612168199465, 86.61761457749351], [60.11150117432088, 70.80725777960456], [2.0584494295802447, 96.99098521619943], [83.24426408004217, 21.233911067827616], [18.182496720710063, 18.34045098534338], [30.42422429595377, 52.475643163223786], [43.194501864211574, 29.122914019804192], [61.18528947223795, 13.949386065204184], [29.214464853521815, 36.63618432936917], [45.606998421703594, 78.51759613930136], [19.967378215835975, 51.42344384136116], [59.24145688620425, 4.645041271999773], [60.75448519014384, 17.052412368729154], [6.505159298527952, 94.88855372533332], [96.56320330745594, 80.83973481164611], [30.46137691733707, 9.767211400638388], [68.42330265121569, 44.01524937396013], [12.203823484477883, 49.51769101112702], [3.4388521115218396, 90.9320402078782], [25.87799816000169, 66.2522284353982]], "distances": [[0.0, 52.0, 86.7, 59.7, 34.9, 70.60000000000001, 86.9, 82.9, 45.6, 68.0, 84.5, 61.5, 18.5, 56.1, 94.0, 87.6, 65.7, 83.4, 88.9, 59.7, 64.1, 64.60000000000001, 31.1], [52.0, 0.0, 72.6, 82.10000000000001, 17.1, 87.10000000000001, 67.5, 76.39999999999999, 55.5, 65.9, 47.7, 71.4, 33.5, 66.0, 57.2, 44.6, 82.2, 31.4, 91.39999999999999, 16.6, 74.0, 77.2, 56.7], [86.7, 72.6, 0.0, 84.2, 71.0, 92.6, 68.89999999999999, 3.8, 41.1, 41.1, 45.6, 25.2, 78.8, 36.1, 45.0, 48.7, 90.2, 104.0, 18.8, 80.0, 44.1, 88.1, 55.6], [59.7, 82.1, 84.2, 0.0, 65.0, 11.0, 119.1, 80.4, 43.1, 74.9, 98.2, 59.0, 51.8, 53.6, 97.8, 96.2, 9.9, 101.0, 95.4, 75.7, 59.5, 4.9, 28.6], [34.9, 17.1, 71.0, 65.0, 0.0, 70.0, 76.69999999999999, 67.2, 54.099999999999994, 65.9, 56.9, 70.0, 16.4, 64.6, 66.4, 53.8, 65.1, 48.5, 82.2, 33.7, 72.6, 60.1, 39.599999999999994], [70.6, 87.1, 92.6, 11.0, 70.0, 0.0, 126.6, 91.30000000000001, 54.0, 85.6, 109.10000000000001, 69.9, 62.7, 56.5, 108.6, 106.89999999999999, 4.9, 96.0, 92.2, 86.7, 48.5, 9.9, 39.5], [86.9, 67.5, 68.89999999999999, 119.1, 76.69999999999999, 126.6, 0.0, 65.1, 76.0, 44.2, 26.0, 60.1, 93.1, 70.1, 35.5, 22.9, 125.1, 61.1, 80.1, 84.1, 78.1, 123.0, 90.5], [82.9, 76.39999999999999, 3.8, 80.4, 67.2, 91.30000000000001, 65.1, 0.0, 37.3, 37.3, 49.4, 21.4, 75.0, 39.9, 48.8, 52.5, 86.4, 102.0, 15.0, 76.19999999999999, 47.9, 84.3, 51.8], [45.6, 55.5, 41.099999999999994, 43.1, 54.1, 54.0, 76.0, 37.3, 0.0, 31.8, 55.1, 15.9, 37.7, 10.5, 64.6, 53.1, 49.1, 86.9, 52.3, 38.9, 18.5, 47.0, 14.5], [68.0, 65.9, 41.099999999999994, 74.9, 65.9, 85.6, 44.2, 37.3, 31.8, 0.0, 24.400000000000002, 15.9, 49.5, 32.2, 33.900000000000006, 21.3, 80.9, 96.5, 52.3, 70.7, 37.1, 78.8, 46.3], [84.5, 47.7, 45.6, 98.19999999999999, 56.9, 109.1, 26.0, 49.4, 55.1, 24.400000000000002, 0.0, 39.2, 73.3, 56.60000000000001, 9.5, 3.1, 104.19999999999999, 79.1, 64.4, 64.30000000000001, 61.5, 102.1, 69.6], [61.5, 71.4, 25.2, 59.0, 70.0, 69.9, 60.1, 21.4, 15.9, 15.9, 39.2, 0.0, 53.599999999999994, 26.4, 48.7, 37.2, 65.0, 80.6, 36.4, 54.8, 34.4, 62.9, 30.4], [18.5, 33.5, 78.8, 51.8, 16.4, 62.699999999999996, 93.1, 75.0, 37.7, 49.5, 73.29999999999998, 53.6, 0.0, 48.2, 82.79999999999998, 70.19999999999999, 57.8, 64.9, 70.4, 50.1, 56.2, 56.699999999999996, 23.2], [56.1, 66.0, 36.1, 53.6, 64.6, 56.5, 70.1, 39.9, 10.5, 32.2, 56.6, 26.4, 48.2, 0.0, 66.1, 53.5, 59.6, 97.4, 51.7, 49.4, 8.0, 57.5, 25.0], [94.0, 57.2, 45.0, 97.8, 66.39999999999999, 108.6, 35.5, 48.8, 64.60000000000001, 33.9, 9.5, 48.7, 82.79999999999998, 66.1, 0.0, 12.6, 107.7, 88.6, 63.8, 73.80000000000001, 65.0, 102.7, 79.10000000000001], [87.6, 44.6, 48.7, 96.19999999999999, 53.8, 106.9, 22.9, 52.5, 53.1, 21.3, 3.1, 37.2, 70.19999999999999, 53.5, 12.6, 0.0, 102.19999999999999, 76.0, 67.5, 61.2, 58.400000000000006, 100.1, 67.6], [65.7, 82.19999999999999, 90.2, 9.9, 65.1, 4.9, 125.1, 86.4, 49.1, 80.9, 104.2, 65.0, 57.8, 59.6, 107.7, 102.2, 0.0, 91.1, 88.4, 85.2, 53.4, 5.0, 34.6], [83.4, 31.4, 104.0, 101.0, 48.5, 96.0, 61.1, 102.0, 86.9, 96.5, 79.1, 80.6, 64.9, 97.4, 88.6, 76.0, 91.1, 0.0, 97.1, 48.0, 105.4, 96.1, 88.10000000000001], [88.9, 91.39999999999999, 18.8, 95.4, 82.2, 92.2, 80.1, 15.0, 52.3, 52.3, 64.4, 36.4, 70.4, 51.7, 63.8, 67.5, 88.4, 97.1, 0.0, 91.19999999999999, 43.7, 93.4, 66.8], [59.7, 16.6, 79.99999999999999, 75.7, 33.7, 86.7, 84.1, 76.19999999999999, 38.9, 70.7, 64.3, 54.8, 50.1, 49.4, 73.8, 61.2, 85.2, 48.0, 91.19999999999999, 0.0, 57.4, 80.2, 53.4], [64.1, 74.0, 44.1, 59.5, 72.6, 48.5, 78.1, 47.9, 18.5, 37.1, 61.50000000000001, 34.4, 56.2, 8.0, 65.0, 58.400000000000006, 53.4, 105.4, 43.7, 57.4, 0.0, 58.4, 33.0], [64.6, 77.2, 88.1, 4.9, 60.1, 9.9, 123.0, 84.3, 47.0, 78.8, 102.1, 62.9, 56.7, 57.5, 102.7, 100.1, 5.0, 96.1, 93.4, 80.2, 58.4, 0.0, 33.5], [31.1, 56.699999999999996, 55.599999999999994, 28.6, 39.599999999999994, 39.5, 90.5, 51.8, 14.5, 46.3, 69.6, 30.4, 23.2, 25.0, 79.1, 67.6, 34.6, 88.1, 66.8, 53.4, 33.0, 33.5, 0.0]], "capacities": [0, 17, 24, 19, 23, 27, 11, 10, 6, 20, 4, 19, 15, 30, 22, 25, 26, 25, 17, 9, 9, 16, 22]}