{"cities": [[37.454011884736246, 95.07143064099162], [73.1993941811405, 59.86584841970366], [15.601864044243651, 15.599452033620265], [5.8083612168199465, 86.61761457749351], [60.11150117432088, 70.80725777960456], [2.0584494295802447, 96.99098521619943], [83.24426408004217, 21.233911067827616], [18.182496720710063, 18.34045098534338], [30.42422429595377, 52.475643163223786], [43.194501864211574, 29.122914019804192], [61.18528947223795, 13.949386065204184], [29.214464853521815, 36.63618432936917], [45.606998421703594, 78.51759613930136], [19.967378215835975, 51.42344384136116], [59.24145688620425, 4.645041271999773], [60.75448519014384, 17.052412368729154], [6.505159298527952, 94.88855372533332], [96.56320330745594, 80.83973481164611], [30.46137691733707, 9.767211400638388], [68.42330265121569, 44.01524937396013], [12.203823484477883, 49.51769101112702], [3.4388521115218396, 90.9320402078782], [25.87799816000169, 66.2522284353982], [31.171107608941096, 52.00680211778108], [54.67102793432797, 18.485445552552704], [96.95846277645586, 77.51328233611146], [93.9498941564189, 89.48273504276489], [59.78999788110851, 92.18742350231169], [8.84925020519195, 19.59828624191452], [4.522728891053807, 32.53303307632643], [38.8677289689482, 27.134903177389592], [82.87375091519293, 35.67533266935893], [28.093450968738075, 54.26960831582485], [14.092422497476264, 80.21969807540397], [7.455064367977082, 98.68869366005173]], "distances": [[0.0, 52.0, 82.89999999999999, 32.8, 34.9, 43.9, 89.2, 79.1, 70.30000000000001, 77.3, 91.79999999999998, 59.0, 18.5, 78.4, 101.19999999999999, 88.69999999999999, 42.699999999999996, 84.89999999999999, 94.1, 68.6, 70.4, 37.699999999999996, 61.4, 69.4, 92.89999999999999, 81.6, 88.2, 38.2, 90.69999999999999, 89.0, 72.5, 74.8, 73.20000000000002, 43.3, 46.599999999999994], [52.0, 0.0, 86.5, 75.6, 17.1, 85.50000000000001, 47.699999999999996, 82.7, 52.5, 79.1, 73.69999999999999, 67.1, 33.5, 64.0, 83.1, 70.6, 80.60000000000001, 32.9, 67.7, 16.6, 72.0, 80.5, 64.6, 51.6, 76.8, 29.6, 36.2, 35.0, 89.6, 87.5, 80.6, 33.3, 55.4, 65.1, 76.7], [82.89999999999999, 86.5, 0.0, 76.4, 80.3, 87.50000000000001, 69.4, 3.8, 47.099999999999994, 55.9, 49.6, 63.49999999999999, 96.69999999999999, 36.1, 48.0, 46.5, 86.30000000000001, 116.19999999999999, 18.8, 69.9, 38.8, 81.30000000000001, 51.7, 47.99999999999999, 40.3, 112.89999999999999, 120.6, 97.29999999999998, 7.8, 20.2, 60.699999999999996, 77.3, 44.7, 70.0, 90.20000000000002], [32.8, 75.6, 76.4, 0.0, 58.5, 11.100000000000001, 107.7, 78.7, 43.699999999999996, 70.3, 95.19999999999999, 60.099999999999994, 42.1, 45.6, 104.6, 92.1, 9.9, 99.9, 88.6, 76.6, 37.6, 4.9, 28.6, 44.599999999999994, 85.89999999999999, 103.2, 90.9, 61.3, 69.8, 56.2, 73.6, 93.3, 40.8, 10.5, 13.8], [34.9, 17.1, 80.3, 58.5, 0.0, 68.4, 64.80000000000001, 80.0, 35.4, 62.0, 56.9, 50.0, 16.4, 46.9, 66.3, 53.8, 63.5, 50.0, 84.80000000000001, 33.7, 54.9, 63.4, 50.5, 34.5, 60.0, 46.7, 53.300000000000004, 36.099999999999994, 72.5, 70.4, 63.5, 50.400000000000006, 38.3, 48.0, 59.6], [43.9, 85.5, 87.50000000000001, 11.100000000000001, 68.4, 0.0, 117.2, 89.80000000000001, 54.00000000000001, 80.60000000000001, 102.60000000000001, 66.2, 52.0, 56.7, 109.4, 102.4, 4.9, 99.7, 99.7, 86.9, 48.7, 6.2, 38.900000000000006, 54.900000000000006, 96.2, 103.0, 101.0, 62.6, 80.9, 67.30000000000001, 79.0, 103.60000000000001, 51.10000000000001, 20.6, 8.8], [89.2, 47.7, 69.39999999999999, 107.69999999999999, 64.80000000000001, 117.20000000000002, 0.0, 65.6, 67.4, 40.8, 26.0, 59.099999999999994, 81.20000000000002, 78.9, 35.4, 22.9, 112.30000000000001, 61.8, 64.6, 31.1, 81.7, 112.6, 79.1, 68.30000000000001, 29.099999999999998, 58.5, 70.8, 82.7, 74.4, 88.0, 45.599999999999994, 14.4, 70.30000000000001, 97.39999999999999, 108.4], [79.1, 82.69999999999999, 3.8, 78.7, 80.0, 89.80000000000001, 65.6, 0.0, 44.6, 52.1, 45.800000000000004, 61.0, 96.4, 33.1, 44.2, 42.7, 88.60000000000001, 112.39999999999999, 15.0, 66.1, 41.1, 83.60000000000001, 53.900000000000006, 45.5, 36.5, 109.1, 118.1, 94.8, 11.6, 24.0, 56.9, 73.5, 41.7, 72.2, 92.50000000000001], [70.3, 52.5, 47.099999999999994, 43.7, 35.4, 54.0, 67.4, 44.6, 0.0, 26.6, 51.50000000000001, 16.4, 51.8, 11.5, 60.900000000000006, 48.400000000000006, 53.6, 72.4, 54.5, 63.1, 19.5, 48.6, 15.1, 0.9, 42.2, 75.7, 73.5, 50.199999999999996, 39.3, 35.0, 29.9, 79.8, 2.9, 33.4, 57.5], [77.3, 79.1, 55.9, 70.30000000000001, 62.0, 80.6, 40.8, 52.1, 26.6, 0.0, 24.900000000000002, 18.3, 78.4, 38.1, 34.3, 21.8, 80.20000000000002, 91.49999999999999, 63.5, 71.89999999999999, 46.1, 75.20000000000002, 41.7, 27.5, 15.6, 88.19999999999999, 100.1, 76.8, 63.699999999999996, 61.6, 4.8, 55.199999999999996, 29.5, 60.0, 78.2], [91.8, 73.69999999999999, 49.599999999999994, 95.19999999999999, 56.9, 102.60000000000001, 26.0, 45.8, 51.5, 24.9, 0.0, 43.2, 73.3, 63.0, 9.5, 3.1, 97.7, 76.2, 38.7, 57.099999999999994, 61.900000000000006, 100.1, 66.6, 52.4, 9.3, 72.9, 85.2, 78.3, 57.39999999999999, 69.8, 29.7, 40.4, 54.4, 84.89999999999999, 101.60000000000001], [59.0, 67.1, 63.49999999999999, 60.099999999999994, 50.0, 66.2, 59.099999999999994, 61.0, 16.4, 18.3, 43.2, 0.0, 66.4, 27.9, 52.6, 40.1, 70.0, 87.0, 70.9, 79.5, 35.9, 65.0, 31.499999999999996, 15.5, 33.9, 90.3, 83.6, 64.8, 55.699999999999996, 51.4, 13.5, 73.5, 19.299999999999997, 49.8, 73.9], [18.5, 33.5, 96.7, 42.1, 16.4, 52.0, 81.2, 96.4, 51.8, 78.4, 73.29999999999998, 66.4, 0.0, 63.3, 82.69999999999999, 70.19999999999999, 47.1, 66.4, 101.2, 50.1, 71.3, 47.0, 49.900000000000006, 50.9, 76.39999999999999, 63.1, 69.7, 19.7, 88.9, 86.8, 79.9, 66.8, 54.699999999999996, 31.6, 43.2], [78.4, 64.0, 36.1, 45.6, 46.9, 56.7, 78.9, 33.1, 11.5, 38.1, 63.00000000000001, 27.9, 63.3, 0.0, 72.2, 59.900000000000006, 55.5, 82.0, 43.0, 64.5, 8.0, 50.5, 20.799999999999997, 12.4, 53.7, 85.3, 85.0, 61.699999999999996, 40.2, 26.6, 41.4, 81.2, 8.6, 39.099999999999994, 59.4], [101.19999999999999, 83.1, 48.0, 104.6, 66.3, 109.4, 35.4, 44.2, 60.9, 34.3, 9.5, 52.599999999999994, 82.69999999999999, 72.2, 0.0, 12.5, 104.5, 85.7, 29.2, 66.5, 71.3, 109.5, 76.0, 61.8, 18.7, 82.4, 94.7, 87.8, 55.8, 61.4, 39.099999999999994, 49.8, 63.8, 94.3, 108.4], [88.69999999999999, 70.6, 46.5, 92.1, 53.8, 102.4, 22.9, 42.7, 48.400000000000006, 21.8, 3.1, 40.1, 70.19999999999999, 59.900000000000006, 12.5, 0.0, 100.8, 79.3, 41.7, 54.0, 58.800000000000004, 97.0, 63.5, 49.300000000000004, 6.2, 76.0, 88.3, 81.39999999999999, 54.3, 66.7, 26.6, 37.3, 51.300000000000004, 81.8, 100.0], [42.699999999999996, 80.6, 86.3, 9.9, 63.5, 4.9, 112.30000000000001, 88.6, 53.6, 80.2, 97.7, 70.0, 47.1, 55.5, 104.5, 100.8, 0.0, 94.80000000000001, 98.5, 86.5, 47.5, 5.0, 38.5, 54.5, 95.8, 98.10000000000001, 100.80000000000001, 61.4, 79.69999999999999, 66.1, 78.0, 103.2, 50.7, 20.4, 3.9], [84.9, 32.9, 116.19999999999999, 99.9, 50.0, 99.70000000000002, 61.8, 112.39999999999999, 72.4, 91.49999999999999, 76.2, 87.0, 66.4, 82.0, 85.7, 79.3, 94.80000000000001, 0.0, 100.6, 49.5, 90.0, 99.80000000000001, 85.60000000000001, 71.5, 75.89999999999999, 3.3, 9.0, 67.9, 111.7, 105.5, 96.29999999999998, 47.4, 73.4, 89.4, 90.9], [94.1, 67.7, 18.8, 88.6, 84.80000000000001, 99.7, 64.6, 15.0, 54.5, 63.50000000000001, 38.7, 70.9, 101.20000000000002, 43.0, 29.2, 41.7, 98.5, 100.60000000000001, 0.0, 51.1, 51.0, 93.5, 63.8, 55.4, 47.900000000000006, 97.30000000000001, 103.9, 102.7, 26.6, 39.0, 68.30000000000001, 58.5, 51.6, 82.1, 102.4], [68.6, 16.6, 69.89999999999999, 76.6, 33.7, 86.9, 31.1, 66.1, 63.1, 71.9, 57.1, 79.5, 50.1, 64.5, 66.5, 54.0, 86.5, 49.5, 51.1, 0.0, 56.5, 81.5, 48.0, 64.0, 60.2, 46.2, 52.800000000000004, 51.6, 77.69999999999999, 75.1, 76.7, 16.7, 60.2, 66.3, 90.4], [70.4, 72.0, 38.8, 37.6, 54.9, 48.7, 81.7, 41.1, 19.5, 46.1, 61.900000000000006, 35.9, 71.3, 8.0, 71.30000000000001, 58.800000000000004, 47.5, 90.0, 51.0, 56.5, 0.0, 42.5, 28.8, 20.4, 52.6, 93.3, 93.0, 69.69999999999999, 32.2, 18.6, 49.4, 73.2, 16.6, 47.1, 51.4], [37.699999999999996, 80.5, 81.3, 4.9, 63.4, 6.2, 112.60000000000001, 