{
 "cities": [[37.454011884736246, 95.07143064099162], [73.1993941811405, 59.86584841970366], [15.601864044243651, 15.599452033620265]],
 "distances": [[0.0, 50.2, 82.4], [50.2, 0.0, 72.6], [82.4, 72.6, 0.0]],
 "demandes": [0, 14, 27], 
 "trucks_capacities": [92, 75, 79]
}