{
"cities": [[37.454011884736246, 95.07143064099162], [73.1993941811405, 59.86584841970366], [15.601864044243651, 15.599452033620265], [5.8083612168199465, 86.61761457749351]], 
"distances": [[0.0, 50.2, 82.4, 32.8], [50.2, 0.0, 72.6, 72.5], [82.4, 72.6, 0.0, 71.7], [32.8, 72.5, 71.7, 0.0]],
"capacities": [0, 5, 27, 15]
}